SNP	CHR	POSITION	FLANK	ANCESTRY	RUN TRANS	RUN EUR	RUN AMR	RUN AFR	amr/afr proxy	notes	amr err	afr err
rs78201023	1	35771901	1MB	eur	0	0	0	0				
rs12026766	1	38254218	1MB	eur	0	0	0	0				
rs7519259	1	66434743	1MB	eur	0	0	0	0				
rs12128161	1	73837417	1MB	eur	0	0	0	0				
rs4652676	1	181698693	1MB	eur	0	0	0	0				
rs9651063	1	191391663	1MB	eur	0	0	0	0				
rs2011374	1	214101186	1MB	eur	0	0	0	0				
rs6759922	2	22450249	1MB	eur	0	0	0	0				
rs1866560	2	27328553	1MB	eur	0	0	0	0				
rs10496632	2	125014321	1MB	eur	0	0	0	0				
rs6430728	2	138308918	1MB	eur	0	0	0	0				
rs10191758	2	144263280	1MB	eur	0	0	0	0				
rs197261	2	161904823	1MB	eur	0	0	0	0				
rs748832	3	16851202	1MB	eur	0	0	0	0				
rs6800637	3	18775592	1MB	eur	0	0	0	0				
rs6802567	3	43537085	1MB	eur	0	0	0	0				
rs11130221	3	49819102	1MB	eur	0	0	0	0				
rs1541903	3	71324328	1MB	eur	0	1	0	0				
rs34811474	4	25408838	1MB	eur	0	0	0	0				
rs12521971	5	61505488	1MB	eur	0	0	0	0				
rs4489042	5	92428154	1MB	eur	0	0	0	0				
rs33817	5	103978326	1MB	eur	0	0	0	0				
rs295017	5	106210433	1MB	eur	0	0	0	0		three distinct hits next to each other		
rs13161130	5	107050023	1MB	eur	0	0	0	0		three distinct hits next to each other		
rs34425	5	107498891	1MB	eur	0	0	0	0		three distinct hits next to each other		
rs175086	5	139543091	1MB	eur	0	0	0	0				
rs4257818	5	152589191	1MB	eur	0	0	0	0				
rs13168358	5	153133722	1MB	eur	0	0	0	0				
rs2135029	5	155856538	1MB	eur	0	0	0	0				
rs11957630	5	164522821	1MB	eur	0	0	0	0				
rs29242	6	29598869	2MB	eur	0	1	0	0				
rs180963	6	101127213	1MB	eur	0	0	0	0				
rs9479138	6	152215199	1MB	eur	0	0	0	0				
rs34809719	7	2028968	1MB	eur	0	0	0	0				
rs35791987	7	3556548	1MB	eur	0	0	0	0				
rs13237518	7	12269593	1MB	eur	0	0	0	0				
rs2107448	7	21485102	1MB	eur	0	0	0	0				
rs58043442	7	82517273	1MB	eur	0	0	0	0				
rs2470937	7	104579775	1MB	eur	0	0	0	0				
rs1476535	7	114071035	1MB	eur	0	0	0	0				
rs7806900	7	115106854	1MB	eur	0	0	0	0				
rs61702433	7	117627585	1MB	eur	0	0	0	0				
rs10487459	7	126378255	1MB	eur	0	0	0	0				
rs10104247	8	9465186	1MB	eur	0	0	0	0				
rs4129585	8	143312933	1MB	eur	0	0	0	0				
rs13290462	9	31215058	1MB	eur	0	0	0	0				
rs10992779	9	96304656	1MB	eur	0	1	0	0				
rs67736073	9	137956040	1MB	eur	0	0	0	0				
rs1124372	10	77561513	1MB	eur	0	0	0	0				
rs7914674	10	106738675	1MB	eur	0	0	0	0		error - ld issue?		
rs11529859	11	28666727	1MB	eur	0	0	0	0				
rs488769	11	57450720	1MB	eur	0	0	0	0				
rs559566	11	64581658	1MB	eur	0	0	0	0				
rs2186710	11	112827048	1MB	eur	0	0	0	0				
rs10842260	12	24180799	1MB	eur	0	0	0	0				
rs2292996	12	103556972	1MB	eur	0	0	0	0				
rs816363	12	117660467	1MB	eur	0	0	0	0				
rs61946067	12	118740957	1MB	eur	0	0	0	0				
rs1373273	13	53973351	1MB	eur	0	0	0	0				
rs7333625	13	69588261	1MB	eur	0	0	0	0				
rs11628299	14	42152124	1MB	eur	0	0	0	0				
rs2899991	14	47273964	1MB	eur	0	0	0	0				
rs7141058	14	69751819	1MB	eur	0	0	0	0				
rs10132977	14	103370119	1MB	eur	0	0	0	0				
rs7170398	15	78067633	1MB	eur	0	0	0	0				
rs17514846	15	91416550	1MB	eur	0	0	0	0				
rs1861188	16	6319505	1MB	eur	0	0	0	0				
rs7200432	16	60666399	1MB	eur	0	0	0	0				
rs143133717	17	30354349	1MB	eur	0	0	0	0				
rs2684641	17	43520118	1MB	eur	0	0	0	0				
rs73338706	17	65926604	1MB	eur	0	0	0	0				
rs7243332	18	26570584	1MB	eur	0	0	0	0				
rs4632195	18	50746748	1MB	eur	0	0	0	0				
rs896686	18	53123031	1MB	eur	0	0	0	0				
rs7408312	19	18438507	1MB	eur	0	0	0	0				
rs6032660	20	44730245	1MB	eur	0	0	0	0				
